{
	"items" : [
		{
			"documentId" : "64469d2f-b3c4-a517-20d6-f91ebf85b9da",
			"visibleEdit" : true,
			"visibleDelete" : true,
			"fileName" : "Screenshot.jpg",
			"mimeType" : "image/jpg",
			"thumbnailUrl" : "",
			"url" : "test-resources/sap/m/demokit/sample/UploadCollection/LinkedDocuments/Screenshot.jpg",
			"attributes":[
				{
					"title":"Uploaded By",
					"text":"Susan Baker"
				},
				{
					"title":"Comment",
					"text":"some text"
					
				},
				{
					"title":"Uploaded On",
					"text":"2014-09-03"
				},
				{
					"title":"File Size",
					"type" :"size",
					"text":"50"
				},
				{
					"title":"Version",
					"text":"1"
				},{
					"title": "Comment",
					"text": "Pending text for disp"
				}
			],
			"statuses": [
				{
					"title": "Rig",
					"text": "Rig 1",
					"state": "None"
				},{
					"title": "Status",
					"text": "Pending",
					"state": "Warning"
				}
			],
			"selected": false
		}, {
			"documentId" : "5082cc4d-da9f-2835-2c0a-8100ed47bcde",
			"visibleEdit" : true,
			"visibleDelete" : true,
			"fileName" : "Notes.txt",
			"mimeType" : "text/plain",
			"thumbnailUrl" : "",
			"url" : "test-resources/sap/m/demokit/sample/UploadCollection/LinkedDocuments/Notes.txt",
			"attributes":[
				{
					"title":"Uploaded By",
					"text":"John Smith"
				},
				{
					"title":"Uploaded On",
					"text":"2014-09-02"
				},
				{
					"title":"File Size",
					"type" :"size",
					"text":"2266000"
				},
				{
					"title":"Version",
					"text":"1"
				}
			],
	"statuses": [
				{
					"title": "Rig",
					"text": "Rig 2",
					"state": "None"
				},{
					"title": "Status",
					"text": "Recevied",
					"state": "Success"
				}
			],
			"selected": false
		}, {
			"documentId" : "5082cc4d-da9f-2835-2c0a-8100ed47bcdf",
			"visibleEdit" : true,
			"visibleDelete" : true,
			"fileName" : "Document.txt",
			"mimeType" : "text/plain",
			"thumbnailUrl" : "",
			"url" : "",
			"attributes":[
				{
					"title":"Uploaded By",
					"text":"J Edgar Hoover"
				},
				{
					"title":"Uploaded On",
					"text":"2014-09-01"
				},
				{
					"title":"File Size",
					"type" :"size",
					"text":"15000"
				},
				{
					"title":"Version",
					"text":"1"
				}
			],
				"statuses": [
				{
					"title": "Rig",
					"text": "Rig 3",
					"state": "None"
				},{
					"title": "Status",
					"text": "Received",
					"state": "Success"
				}
			],
			"selected": false
		}, {
			"documentId" : "1700ead2-3dfb-5a94-6f5c-cf1da409e028",
			"visibleEdit" : true,
			"visibleDelete" : true,
			"fileName" : "Third Quarter Results.ppt",
			"mimeType" : "application/vnd.ms-powerpoint",
			"thumbnailUrl" : "",
			"url" : "test-resources/sap/m/demokit/sample/UploadCollection/LinkedDocuments/Third Quarter Results.ppt",
			"attributes":[
				{
					"title":"Uploaded By",
					"text":"Sean O'Connel"
				},
				{
					"title":"Uploaded On",
					"text":"2014-07-29"
				},
				{
					"title":"File Size",
					"type" :"size",
					"text":"2000"
				},
				{
					"title":"Version",
					"text":"1"
				}
			],
				"statuses": [
				{
					"title": "Rig",
					"text": "Rig 4",
					"state": "None"
				},{
					"title": "Status",
					"text": "Pending",
					"state": "Warning"
				}
			],
			"selected": false
		}, {
			"documentId" : "34e484e4-a523-6c50-685b-e5ae66069250",
			"visibleEdit" : true,
			"visibleDelete" : true,
			"fileName" : "Business Plan Agenda.doc",
			"mimeType" : "application/msword",
			"thumbnailUrl" : "",
			"url" : "test-resources/sap/m/demokit/sample/UploadCollection/LinkedDocuments/Business Plan Agenda.doc",
			"attributes":[
				{
					"title":"Uploaded By",
					"text":"Jane Burns"
				},
				{
					"title":"Uploaded On",
					"text":"2014-07-28"
				},
				{
					"title":"File Size",
					"type" :"size",
					"text":"250"
				},
				{
					"title":"Version",
					"text":"1"
				}
			],
				"statuses": [
				{
					"title": "Rig",
					"text": "Rig 2",
					"state": "None"
				},{
					"title": "Status",
					"text": "Received",
					"state": "Success"
				}
			],
			"selected": false
		}, {
			"documentId" : "bcc27c4d-a8ce-3ab6-e807-ec05119685a5",
			"visibleEdit" : true,
			"visibleDelete" : true,
			"fileName" : "Business Plan Topics.xls",
			"mimeType" : "application/msexcel",
			"thumbnailUrl" : "",
			"url" : "test-resources/sap/m/demokit/sample/UploadCollection/LinkedDocuments/Business Plan Topics.xls",
			"attributes":[
				{
					"title":"Uploaded By",
					"text":"John Black"
				},
				{
					"title":"Uploaded On",
					"text":"2014-07-27"
				},
				{
					"title":"File Size",
					"type" :"size",
					"text":"3000000"
				},
				{
					"title":"Version",
					"text":"1"
				}
			],
				"statuses": [
				{
					"title": "Rig",
					"text": "Rig 3",
					"state": "None"
				},{
					"title": "Status",
					"text": "Pending",
					"state": "Warning"
				}
			],
			"selected": false
		}, {
			"documentId" : "6b6ccd2f-e5c2-15b7-3b67-191564850063",
			"visibleEdit" : true,
			"visibleDelete" : true,
			"fileName" : "Instructions.pdf",
			"mimeType" : "application/pdf",
			"thumbnailUrl" : "",
			"url" : "test-resources/sap/m/demokit/sample/UploadCollection/LinkedDocuments/Instructions.pdf",
			"attributes":[
				{
					"title":"Uploaded By",
					"text":"David Keane"
				},
				{
					"title":"Uploaded On",
					"text":"2014-07-26"
				},
				{
					"title":"File Size",
					"type" :"size",
					"text":"35000"
				},
				{
					"title":"Version",
					"text":"1"
				}
			],
				"statuses": [
				{
					"title": "Rig",
					"text": "Rig 1",
					"state": "None"
				},{
					"title": "Status",
					"text": "Received",
					"state": "Success"
				}
			],
			"selected": false
		}, {
			"documentId" : "b68a7065-cc2a-2140-922d-e7528cd32172",
			"visibleEdit" : true,
			"visibleDelete" : true,
			"fileName" : "Picture of a woman.png",
			"mimeType" : "image/png",
			"thumbnailUrl" : "test-resources/sap/m/images/Woman_04.png",
			"url" : "test-resources/sap/m/images/Woman_04.png",
			"attributes":[
				{
					"title":"Uploaded By",
					"text":"Kate Brown"
				},
				{
					"title":"Uploaded On",
					"text":"2014-07-25"
				},
				{
					"title":"File Size",
					"type" :"size",
					"text":"40000000"
				},
				{
					"title":"Version",
					"text":"2"
				}
			],
				"statuses": [
				{
					"title": "Rig",
					"text": "Rig 2",
					"state": "None"
				},{
					"title": "Status",
					"text": "Pending",
					"state": "Warning"
				}
			],
			"selected": false
		}
	]
}